,Index,Video_Name
0,205,0-14-37-11-216_333_3-202.133-206.466.csv
1,206,0-14-37-11-216_333_3-210.066-216.199.csv
2,303,0-15-55-25-781_333_20-253.733-256.066.csv
3,320,0-16-03-20-441_333_20-312.733-320.666.csv
4,368,0-16-33-00-912_333_67-217.866-223.33299.csv
5,384,0-16-46-39-519_333_12-256.60001-266.466.csv
6,516,0-18-06-15-052_333_62-246.733-254.6.csv
7,733,0-16-31-06-694_333_22-261.0-263.66599.csv
8,852,0-10-41-30-795_333_38-219.667-221.533.csv
9,891,0-11-19-07-226_333_19-215.933-217.2.csv
10,900,0-11-27-02-673_333_20-156.933-158.06599.csv
11,936,0-11-53-03-331_333_39-186.6-187.8.csv
12,1100,0-15-51-12-487_333_98-213.19901-215.19901.csv
13,1111,0-15-56-13-710_333_84-138.2-140.467.csv
14,1155,0-16-25-54-453_333_94-174.266-175.8.csv
15,1322,0-18-13-39-138_333_75-206.199-208.199.csv
16,1335,0-18-20-16-658_333_2-173.333-174.6.csv
17,1343,0-18-36-03-928_333_48-233.26601-235.533.csv
