,Index,Video_Name
0,2,0-09-39-50-897_333_13-327.866-336.666.csv
1,24,0-10-34-18-063_-4140_10-231.266-241.8.csv
2,195,0-14-31-18-278_333_64-175.267-177.467.csv
3,201,0-14-34-47-638_333_43-173.666-178.666.csv
4,297,0-15-53-09-950_333_6-211.8-217.066.csv
5,315,0-15-59-29-958_333_78-232.0-233.533.csv
6,378,0-16-38-28-829_333_84-195.866-198.333.csv
7,436,0-17-26-05-373_333_9-273.26599-280.733.csv
8,516,0-18-06-15-052_333_62-246.733-254.6.csv
9,904,0-11-28-26-280_333_35-208.8-210.066.csv
10,982,0-13-57-26-310_333_66-193.866-195.6.csv
11,1008,0-14-27-14-524_333_18-247.733-249.067.csv
12,1021,0-14-35-39-402_333_80-136.133-137.333.csv
13,1161,0-16-28-54-477_333_62-255.066-256.6.csv
14,1250,0-17-38-00-436_333_27-217.667-218.867.csv
15,1264,0-17-44-02-828_333_40-179.867-181.39999.csv
16,1289,0-17-53-49-413_333_98-266.33301-268.133.csv
17,1314,0-18-07-41-640_333_75-257.53299-258.66699.csv
18,1317,0-18-10-53-637_333_75-159.33299-161.0.csv
19,1327,0-18-17-07-270_333_6-273.6-274.399.csv
20,1351,0-18-53-01-714_333_90-200.333-201.8.csv
