,Index,Video_Name
0,125,0-11-58-13-770_333_65-292.4-297.866.csv
1,136,0-12-04-48-432_333_68-236.0-263.733.csv
2,149,0-13-36-53-217_333_69-161.26601-164.533.csv
3,172,0-14-09-29-093_333_51-212.733-216.60001.csv
4,294,0-15-51-46-590_333_68-239.60001-241.8.csv
5,433,0-17-26-05-373_333_9-244.866-259.20001.csv
6,447,0-17-29-59-931_333_14-233.466-235.533.csv
7,527,0-18-13-39-138_333_75-199.333-201.266.csv
8,554,0-18-41-06-695_333_67-228.0-231.199.csv
9,575,0-10-41-30-795_333_38-234.133-236.4.csv
10,794,0-17-53-49-413_333_98-274.60001-275.866.csv
11,828,0-09-39-50-897_333_13-323.266-325.666.csv
12,904,0-11-28-26-280_333_35-208.8-210.066.csv
13,995,0-14-18-16-893_333_27-215.0-217.0.csv
14,1008,0-14-27-14-524_333_18-247.733-249.067.csv
15,1015,0-14-31-32-615_333_27-232.866-234.533.csv
16,1021,0-14-35-39-402_333_80-136.133-137.333.csv
17,1040,0-14-46-07-485_333_35-283.4-284.333.csv
18,1297,0-17-57-36-731_333_67-256.667-258.6.csv
19,1344,0-18-36-03-928_333_48-296.26599-297.466.csv
20,1351,0-18-53-01-714_333_90-200.333-201.8.csv
