,Index,Video_Name
0,44,0-10-55-58-895_333_92-202.399-210.933.csv
1,297,0-15-53-09-950_333_6-211.8-217.066.csv
2,433,0-17-26-05-373_333_9-244.866-259.20001.csv
3,488,0-17-53-29-257_333_66-246.399-284.6.csv
4,496,0-17-55-52-142_333_14-261.79999-263.39999.csv
5,747,0-16-54-00-088_333_10-201.133-203.733.csv
6,755,0-17-02-52-812_333_12-247.33299-248.8.csv
7,924,0-11-43-15-495_333_19-254.8-257.867.csv
8,982,0-13-57-26-310_333_66-193.866-195.6.csv
9,1008,0-14-27-14-524_333_18-247.733-249.067.csv
10,1035,0-14-43-37-613_333_95-220.066-221.266.csv
11,1078,0-15-27-51-851_333_61-137.33299-138.66701.csv
12,1204,0-16-58-54-233_333_43-179.466-181.466.csv
