,Index,Video_Name
0,172,0-14-09-29-093_333_51-212.733-216.60001.csv
1,367,0-16-32-03-839_333_7-207.8-214.399.csv
2,485,0-17-50-39-947_333_17-218.6-220.4.csv
3,824,0-18-53-01-714_333_90-238.466-244.0.csv
4,891,0-11-19-07-226_333_19-215.933-217.2.csv
5,1155,0-16-25-54-453_333_94-174.266-175.8.csv
6,1161,0-16-28-54-477_333_62-255.066-256.6.csv
7,1164,0-16-28-54-884_333_11-230.933-233.466.csv
8,1237,0-17-26-53-048_333_34-201.133-202.2.csv
9,1289,0-17-53-49-413_333_98-266.33301-268.133.csv
