,Index,Video_Name
0,130,0-12-02-54-732_333_60-246.2-248.066.csv
1,142,0-12-12-40-809_333_79-242.933-244.133.csv
2,236,0-14-47-48-209_333_47-244.4-246.2.csv
3,299,0-15-54-28-015_333_33-212.933-214.60001.csv
4,364,0-16-31-06-694_333_22-255.933-258.466.csv
5,365,0-16-31-06-694_333_22-266.79901-268.133.csv
6,517,0-18-06-15-052_333_62-262.8-264.333.csv
7,519,0-18-07-41-640_333_75-250.133-251.60001.csv
8,537,0-18-18-17-796_333_33-216.6-218.467.csv
9,1102,0-18-20-16-658_333_2-176.333-179.133.csv
10,1233,0-11-51-31-192_333_94-171.60001-181.8.csv
11,1240,0-11-58-02-352_333_82-174.2-175.2.csv
12,1327,0-14-41-10-890_333_86-184.866-186.333.csv
13,1332,0-14-42-44-470_333_45-207.6-216.333.csv
14,1393,0-15-50-03-325_333_39-159.133-160.2.csv
15,1456,0-16-25-59-542_333_95-275.66699-277.133.csv
16,1491,0-16-54-00-088_333_10-191.533-194.2.csv
17,1512,0-17-08-55-349_333_18-249.6-255.733.csv
18,1518,0-17-14-00-085_333_47-185.333-187.399.csv
19,1530,0-17-26-05-373_333_9-238.733-240.60001.csv
20,1573,0-17-49-14-962_333_79-185.066-186.333.csv
21,1608,0-18-05-00-440_333_31-205.067-213.8.csv
22,1610,0-18-06-15-052_333_62-270.0-296.667.csv
23,1628,0-18-17-09-752_333_73-372.0-374.0.csv
